x_,y_,t_,day
1785003.1465441033,2409409.095060147,2011-02-12T23:31:32Z,night
1784959.3916390042,2409571.763437302,2011-02-12T23:50:57Z,night
1784962.7971697124,2409560.374860147,2011-02-13T00:00:13Z,night
1784958.7375535644,2409575.892045075,2011-02-13T00:10:38Z,night
1784951.514860825,2409578.185750149,2011-02-13T00:20:19Z,night
1784942.0461836443,2409586.596074762,2011-02-13T00:30:08Z,night
1784968.9254570205,2409559.4522266863,2011-02-13T00:40:40Z,night
1784946.147248836,2409591.819004768,2011-02-13T00:50:52Z,night
1784875.6297271177,2409695.372561127,2011-02-13T07:30:30Z,night
1784654.2126086946,2409961.3249563854,2011-02-13T07:41:04Z,night
1784320.3811777923,2410159.542956523,2011-02-13T07:50:16Z,night
1784128.1265025493,2410095.671605615,2011-02-13T08:00:16Z,night
1784343.812161431,2409614.9075360033,2011-02-13T08:20:46Z,night
1784341.776844662,2409621.969991364,2011-02-13T08:30:21Z,night
1784350.7357723922,2409615.562837021,2011-02-13T08:40:10Z,night
1784617.3506787876,2409572.6132947733,2011-02-13T08:50:21Z,night
1785079.6860463258,2409549.3957963907,2011-02-13T09:00:29Z,night
1785078.3437715056,2409543.748119291,2011-02-13T22:50:56Z,night
1785078.5792072702,2409561.6631360943,2011-02-13T23:30:43Z,night
1785347.2843688575,2409241.684198058,2011-02-13T23:41:02Z,night
1785377.6074625833,2408835.1898349905,2011-02-13T23:50:34Z,night
1785234.05987032,2408501.212513612,2011-02-14T00:00:49Z,night
1784914.3043758194,2408231.390744665,2011-02-14T00:10:28Z,night
1784524.825543911,2408137.839563913,2011-02-14T00:20:20Z,night
1784009.2562810425,2408322.07306258,2011-02-14T00:31:20Z,night
1783679.039650158,2408376.6929007755,2011-02-14T00:40:55Z,night
1783632.892346078,2408422.0106770894,2011-02-14T00:50:45Z,night
1783662.2783478792,2408439.293272237,2011-02-14T01:00:52Z,night
1783642.5788893362,2408418.738049117,2011-02-14T01:10:10Z,night
1783647.0645144994,2408441.059717319,2011-02-14T01:20:20Z,night
1783644.9473652197,2408425.3865664243,2011-02-14T01:30:53Z,night
1783313.840968421,2408447.79023476,2011-02-14T01:40:19Z,night
1783129.8911991974,2408327.9517245097,2011-02-14T01:50:44Z,night
1783282.5773742339,2408448.542230763,2011-02-14T02:01:31Z,night
1783275.707073606,2408422.773001631,2011-02-14T02:11:21Z,night
1783272.5561262548,2408418.7183493436,2011-02-14T02:20:19Z,night
1783279.539741831,2408398.255431257,2011-02-14T02:30:27Z,night
1783549.186161631,2408416.6635376075,2011-02-14T02:40:45Z,night
1784062.856702743,2408135.6898916643,2011-02-14T02:50:42Z,night
1784123.3352336148,2408061.3747955807,2011-02-14T03:00:46Z,night
1784114.7180928355,2408048.718753993,2011-02-14T03:10:51Z,night
1784128.1319028225,2408062.1566507067,2011-02-14T03:20:37Z,night
1784110.6519204727,2408088.834941654,2011-02-14T03:30:21Z,night
1784099.2982476999,2408057.7973832395,2011-02-14T03:40:15Z,night
1784110.337184419,2408037.5155504704,2011-02-14T03:50:15Z,night
1784091.0544506363,2408031.586125994,2011-02-14T04:00:46Z,night
1784109.8044758434,2408042.580265918,2011-02-14T04:10:16Z,night
1784112.11748422,2408052.3167200172,2011-02-14T04:20:22Z,night
1784115.943900436,2408051.938140849,2011-02-14T04:30:25Z,night
1784112.0722740644,2408043.979586943,2011-02-14T04:40:34Z,night
1784124.2866308508,2408039.745094183,2011-02-14T04:50:17Z,night
1784080.90902445,2408062.232395928,2011-02-14T05:00:46Z,night
1784099.9572395892,2408031.550391262,2011-02-14T05:10:39Z,night
1784138.3750123417,2408023.7699003727,2011-02-14T05:20:41Z,night
1784134.0854330491,2408019.6169859334,2011-02-14T05:30:19Z,night
1784072.299949238,2408096.022394719,2011-02-14T05:40:40Z,night
1784141.0463696974,2408035.0614238367,2011-02-14T05:50:14Z,night
1784118.519724361,2408049.6780064055,2011-02-14T06:00:46Z,night
1784121.5609444275,2408054.970363123,2011-02-14T06:10:34Z,night
1784318.719716782,2407772.22207599,2011-02-14T06:20:43Z,night
1784710.795637398,2407630.7606775076,2011-02-14T06:31:00Z,night
1785097.2045251664,2407570.7544240654,2011-02-14T06:40:07Z,night
1785495.5560668975,2407569.3957205764,2011-02-14T06:50:13Z,night
1785601.5476441064,2407915.0776143298,2011-02-14T07:00:12Z,night
1785894.711705061,2408069.906613036,2011-02-14T07:10:30Z,night
1786078.2941808996,2407845.5811622534,2011-02-14T07:20:27Z,night
1785834.727710183,2407734.3601477793,2011-02-14T07:30:34Z,night
1785875.4135023297,2407732.443429888,2011-02-14T07:40:11Z,night
1785524.9514642304,2408149.074302755,2011-02-14T07:50:13Z,night
1785312.3790291382,2407896.3795791874,2011-02-14T08:00:20Z,night
1785283.505169409,2408137.088005497,2011-02-14T08:10:52Z,night
1785286.5191862583,2408142.8799032085,2011-02-14T08:20:53Z,night
1785279.396198245,2408141.085685266,2011-02-14T08:30:56Z,night
1785328.6335834947,2407984.9066897156,2011-02-14T08:41:11Z,night
1784887.1035343409,2407860.539232877,2011-02-14T08:51:06Z,night
1784585.9232548575,2407696.961192458,2011-02-14T09:00:51Z,night
1784565.4393124618,2407635.1703026,2011-02-14T09:10:52Z,night
1784582.2167129277,2407672.6984705073,2011-02-14T09:20:28Z,night
1784593.2045796118,2407689.8799339198,2011-02-14T09:31:21Z,night
1784596.115053639,2407682.898594915,2011-02-14T09:40:40Z,night
1784602.9455103271,2407691.3528076424,2011-02-14T09:50:18Z,night
1784590.3257330847,2407673.474024491,2011-02-14T10:00:52Z,night
1784598.2543219032,2407689.5965529904,2011-02-14T10:10:41Z,night
1784597.9831884168,2407683.4107639412,2011-02-14T10:20:15Z,night
1784558.946142832,2407657.8857836947,2011-02-14T10:30:21Z,night
1784567.6866331988,2407651.208134992,2011-02-14T10:40:19Z,night
1784581.5279388854,2407667.8147488916,2011-02-14T10:50:52Z,night
1784594.0631342,2407688.234576341,2011-02-14T11:00:15Z,night
1784602.203063857,2407684.193818656,2011-02-14T11:10:46Z,night
1784601.289727826,2407680.749847653,2011-02-14T11:20:22Z,night
1784586.536422873,2407686.4142354177,2011-02-14T11:30:22Z,night
1784573.6510533069,2407689.9492342123,2011-02-14T11:40:20Z,night
1784588.3795024666,2407685.6226631235,2011-02-14T11:50:17Z,night
1784553.66555322,2407712.3805343485,2011-02-14T22:30:16Z,night
1784586.1734995914,2407689.6702306475,2011-02-14T22:40:44Z,night
1784579.0983860185,2407685.453340187,2011-02-14T22:50:12Z,night
1784566.1206005046,2407696.741697416,2011-02-14T23:00:52Z,night
1784609.4307829745,2407836.165823325,2011-02-14T23:21:20Z,night
1784616.5812450156,2408148.0809967117,2011-02-14T23:50:45Z,night
1784611.0607644534,2408149.0105899265,2011-02-15T00:00:41Z,night
1784625.7644062068,2408124.2123564514,2011-02-15T00:10:24Z,night
1784631.4441755933,2408119.3353086314,2011-02-15T00:20:18Z,night
1784623.6859205458,2408128.9907137095,2011-02-15T00:30:15Z,night
1784623.989060116,2408122.745956993,2011-02-15T00:40:17Z,night
1784626.7166375804,2408133.8329532165,2011-02-15T00:50:52Z,night
1784627.5524678454,2408131.860644876,2011-02-15T01:00:40Z,night
1784629.56509305,2408127.6064500073,2011-02-15T01:10:16Z,night
1784623.53105141,2408137.992572008,2011-02-15T01:20:15Z,night
1784625.5815704663,2408128.1886825543,2011-02-15T01:30:20Z,night
1784627.8338280683,2408133.3170811743,2011-02-15T01:40:40Z,night
1784632.883002606,2408130.3576815263,2011-02-15T01:50:46Z,night
1784628.1350207273,2408132.4353059283,2011-02-15T02:00:49Z,night
1784634.1024343886,2408130.7848626673,2011-02-15T02:10:47Z,night
1784630.3505567275,2408132.8921263,2011-02-15T02:20:08Z,night
1784610.6877510457,2408107.95549549,2011-02-15T02:30:39Z,night
1784630.9098265364,2408135.6433921,2011-02-15T02:40:16Z,night
1784628.4699659408,2408125.704245526,2011-02-15T02:50:19Z,night
1784632.853692627,2408142.3179840096,2011-02-15T03:00:12Z,night
1784622.0812816196,2408134.7313922006,2011-02-15T03:10:13Z,night
1784630.731517213,2408170.8482084926,2011-02-15T03:20:24Z,night
1784613.612195019,2408128.8168944414,2011-02-15T03:30:11Z,night
1784629.456845066,2408130.1763490285,2011-02-15T03:40:16Z,night
1784634.2927619931,2408135.090921303,2011-02-15T03:50:21Z,night
1784665.3732810025,2408139.3537724027,2011-02-15T04:00:32Z,night
1784634.800383808,2408133.867643998,2011-02-15T04:10:07Z,night
1784621.4280573125,2408131.636256371,2011-02-15T04:20:25Z,night
1784612.6457159913,2408138.84356051,2011-02-15T04:30:19Z,night
1784623.947013588,2408134.2668084777,2011-02-15T04:40:09Z,night
1784423.2090398031,2408243.3923714496,2011-02-15T04:50:45Z,night
1784453.8523469632,2408470.6316887937,2011-02-15T05:00:40Z,night
1784081.6059900098,2408407.0873502423,2011-02-15T05:10:59Z,night
1784034.4383313893,2408233.7117203814,2011-02-15T05:21:04Z,night
1784112.9287700106,2408062.0759298885,2011-02-15T05:30:48Z,night
1784117.4397914247,2408065.224773474,2011-02-15T05:41:48Z,night
1784151.1119293324,2408064.6220639246,2011-02-15T05:51:10Z,night
1784155.2963411005,2408061.0782560236,2011-02-15T06:00:55Z,night
1784143.559276681,2408080.8843440413,2011-02-15T06:11:08Z,night
1784140.3852799304,2408084.6793347644,2011-02-15T07:21:27Z,night
1783938.4292872667,2407918.6764683165,2011-02-15T07:30:22Z,night
1784178.1982518996,2407780.4150327435,2011-02-15T07:40:12Z,night
1784578.2464761075,2407747.143325853,2011-02-15T07:50:24Z,night
1784939.9055072083,2407624.763869296,2011-02-15T08:00:27Z,night
1784941.7211486173,2407934.8541849656,2011-02-15T08:10:58Z,night
1785202.8218893767,2408194.5415663356,2011-02-15T08:20:22Z,night
1785605.237750877,2408109.33115148,2011-02-15T08:30:23Z,night
1786175.4722030591,2408069.1039699106,2011-02-15T08:40:42Z,night
1786137.8912435006,2408604.1180856223,2011-02-15T23:31:27Z,night
1785921.3348654057,2408828.232409261,2011-02-15T23:40:15Z,night
1785507.4264194062,2409166.7164546493,2011-02-15T23:51:19Z,night
1785521.0677546114,2409149.362596558,2011-02-16T00:01:46Z,night
1785312.9490569397,2409210.516197449,2011-02-16T00:10:58Z,night
1784866.913953215,2409091.5638973764,2011-02-16T00:20:51Z,night
1784374.2711984813,2409028.157508832,2011-02-16T00:30:52Z,night
1783876.6866165593,2409160.088846783,2011-02-16T00:40:51Z,night
1783770.2911563062,2409368.2034291043,2011-02-16T00:50:19Z,night
1783697.3115751229,2409302.346983527,2011-02-16T01:00:16Z,night
1783619.3904194732,2409357.2840688964,2011-02-16T01:10:07Z,night
1783842.5158627725,2409153.4068639325,2011-02-16T01:20:27Z,night
1783709.6894471075,2409179.447744083,2011-02-16T01:30:25Z,night
1783771.706254456,2409411.9160129866,2011-02-16T01:40:52Z,night
1783777.4125613207,2409401.073134037,2011-02-16T01:50:52Z,night
1783791.6089046213,2409388.5807087063,2011-02-16T02:00:27Z,night
1783785.0130723293,2409386.6140874773,2011-02-16T02:10:36Z,night
1783779.7094179785,2409397.380216938,2011-02-16T02:20:18Z,night
1783778.664177746,2409398.016571368,2011-02-16T02:30:52Z,night
1783778.7350450116,2409400.043167605,2011-02-16T02:40:22Z,night
1783768.2763379423,2409415.0300663686,2011-02-16T02:50:37Z,night
1783784.560814782,2409402.3668826576,2011-02-16T03:00:25Z,night
1783784.0698406848,2409399.5745279244,2011-02-16T03:10:25Z,night
1783781.8654913388,2409384.627095367,2011-02-16T03:20:32Z,night
1783781.9447119816,2409156.4030082636,2011-02-16T03:30:30Z,night
1783723.5067035686,2408931.8351233774,2011-02-16T03:40:20Z,night
1783749.6537761872,2409027.914901894,2011-02-16T03:50:51Z,night
1783766.3788274627,2409017.871066232,2011-02-16T04:00:16Z,night
1783762.8506793487,2409026.543341374,2011-02-16T04:10:26Z,night
1783765.017483007,2409038.6911231684,2011-02-16T04:20:26Z,night
1783875.681661668,2409091.322189108,2011-02-16T04:30:10Z,night
1783828.7875129855,2409133.6240112153,2011-02-16T04:40:11Z,night
1783841.2546098216,2409162.35271325,2011-02-16T04:50:22Z,night
1783885.4689476786,2409092.9434017343,2011-02-16T05:00:22Z,night
1783857.6022094588,2409100.803320658,2011-02-16T05:10:46Z,night
1783856.9093033615,2409117.3948862427,2011-02-16T05:20:11Z,night
1783858.2836468373,2409141.6202252107,2011-02-16T05:30:11Z,night
1783845.4227151305,2409134.4234303534,2011-02-16T05:40:15Z,night
1783843.2848233767,2409135.1910632555,2011-02-16T05:50:22Z,night
1783862.2144841687,2409118.320335383,2011-02-16T06:00:18Z,night
1783829.7002294592,2409141.1217112164,2011-02-16T06:10:24Z,night
1783855.8915976784,2409150.963931246,2011-02-16T06:20:16Z,night
1783892.048307265,2409116.0147448527,2011-02-16T06:30:46Z,night
1783798.574260477,2409098.0672476715,2011-02-16T06:40:18Z,night
1783849.5447875955,2409122.3318719445,2011-02-16T06:50:19Z,night
1783859.0361686195,2409120.1618765085,2011-02-16T07:00:52Z,night
1783855.4198008932,2409126.5277705304,2011-02-16T07:10:12Z,night
1783856.8350978375,2409126.1284983577,2011-02-16T07:20:19Z,night
1783859.0967330744,2409122.2319754874,2011-02-16T07:30:23Z,night
1783861.3930301394,2409117.3789740643,2011-02-16T07:40:10Z,night
1783881.3021719821,2409117.5195414755,2011-02-16T07:50:50Z,night
1784329.9690817776,2409268.47144943,2011-02-16T08:00:11Z,night
1784372.9648769572,2409484.3077573464,2011-02-16T08:10:48Z,night
1784330.273569817,2409822.3122660914,2011-02-16T08:20:25Z,night
1784705.9020541292,2409898.9425961412,2011-02-16T08:30:10Z,night
1784638.6785524155,2409668.864491173,2011-02-16T08:40:21Z,night
1784607.6681422745,2409527.2358371234,2011-02-16T08:50:14Z,night
1784831.4949048306,2409424.396299219,2011-02-16T09:00:22Z,night
1785096.164148744,2409286.0865600435,2011-02-16T09:10:10Z,night
1785121.641601749,2408744.3107878054,2011-02-16T09:31:39Z,night
1785123.3244504987,2408738.3130916553,2011-02-16T09:40:11Z,night
1785152.2701580578,2408697.050354608,2011-02-16T09:50:22Z,night
1785150.8119585381,2408533.4211584013,2011-02-16T10:10:36Z,night
1785152.4754929054,2408539.478174695,2011-02-16T10:20:44Z,night
1785146.4734913209,2408532.5406247284,2011-02-16T10:30:58Z,night
1785161.9419845317,2408568.1983612124,2011-02-16T10:41:40Z,night
1785137.2419343637,2408552.83704172,2011-02-16T10:50:23Z,night
1785140.335042315,2408553.89284474,2011-02-16T11:00:41Z,night
1785128.9265034497,2408566.597707799,2011-02-16T11:10:58Z,night
1785154.2311481445,2408542.858069298,2011-02-16T11:20:49Z,night
1785159.790255571,2408525.8130458407,2011-02-16T11:30:40Z,night
1785153.6603723415,2408541.987537372,2011-02-16T11:40:52Z,night
1785151.924184022,2408543.068467937,2011-02-16T11:50:42Z,night
1785171.9742273537,2408543.578395401,2011-02-16T23:11:20Z,night
1785071.7008574652,2408534.22463338,2011-02-16T23:21:21Z,night
1784936.2493412765,2408408.127444763,2011-02-16T23:31:22Z,night
1784622.0558622715,2408478.9730592277,2011-02-16T23:41:10Z,night
1784316.9724801623,2408158.052329469,2011-02-16T23:51:17Z,night
1784053.0708759222,2407853.440885012,2011-02-17T00:10:58Z,night
1784052.0252627796,2407880.2622732744,2011-02-17T00:20:16Z,night
1784122.5989686027,2408032.764006879,2011-02-17T00:30:52Z,night
1784116.371113732,2408056.6563353776,2011-02-17T00:40:52Z,night
1784105.8325047542,2408070.177509373,2011-02-17T00:50:17Z,night
1784115.681091432,2408043.8135357723,2011-02-17T01:00:09Z,night
1784110.5669771761,2408050.007992939,2011-02-17T01:10:42Z,night
1784088.1645061402,2408013.1107903044,2011-02-17T01:20:24Z,night
1784140.114809472,2408070.9139134884,2011-02-17T01:30:47Z,night
1784117.0589112332,2408055.131244673,2011-02-17T01:40:49Z,night
1784118.3536439575,2408073.9172697077,2011-02-17T01:50:45Z,night
1784158.9669541582,2408065.7964061727,2011-02-17T02:00:26Z,night
1784188.0375114998,2408086.14142309,2011-02-17T02:10:15Z,night
1784149.9759421078,2408081.074320877,2011-02-17T02:20:14Z,night
1784105.1753982143,2408042.1138140727,2011-02-17T02:30:52Z,night
1784125.3796127653,2408053.073969566,2011-02-17T02:41:10Z,night
1784122.8899496815,2408062.406149807,2011-02-17T02:50:52Z,night
1784123.5851759475,2408058.2068856014,2011-02-17T03:00:52Z,night
1784069.5867459918,2408098.720819361,2011-02-17T03:10:11Z,night
1784054.115434477,2408116.2629758585,2011-02-17T03:20:26Z,night
1783699.8606114015,2408437.595189894,2011-02-17T03:30:32Z,night
1783346.7427481203,2408441.3286161143,2011-02-17T03:40:25Z,night
1783153.8231007024,2408287.2637898275,2011-02-17T03:50:08Z,night
1783194.8757696927,2408414.3674376444,2011-02-17T04:00:29Z,night
1783666.2291509174,2408389.8592437576,2011-02-17T04:10:13Z,night
1783718.933125644,2408373.0049074222,2011-02-17T04:20:19Z,night
1783706.1545736827,2408403.6926834784,2011-02-17T04:30:12Z,night
1783958.2488397392,2408336.5603772933,2011-02-17T04:40:25Z,night
1784256.7249694448,2408281.839853675,2011-02-17T04:50:10Z,night
1784526.8870921405,2408170.4059139327,2011-02-17T05:01:38Z,night
1784504.5013274208,2408179.140217513,2011-02-17T05:10:52Z,night
1784519.5060296976,2408184.2854161006,2011-02-17T05:21:10Z,night
1784525.7788137407,2408197.729547894,2011-02-17T05:31:06Z,night
1784537.9186427281,2408176.0899438392,2011-02-17T05:51:02Z,night
1785189.361254355,2408027.2931934725,2011-02-17T06:21:37Z,night
1785476.693929714,2408109.5821488136,2011-02-17T06:31:02Z,night
1785536.6819183768,2408113.820167904,2011-02-17T06:41:09Z,night
1785542.7520280941,2408121.7045078105,2011-02-17T06:50:14Z,night
1785957.9748448797,2408077.750899112,2011-02-17T07:00:58Z,night
1786084.6025608461,2407902.3128199163,2011-02-17T07:10:40Z,night
1786076.6381196647,2407877.1633962104,2011-02-17T07:20:52Z,night
1786085.4030371543,2407890.3168464224,2011-02-17T07:30:13Z,night
1786075.0982863093,2407876.9585181554,2011-02-17T07:40:11Z,night
1786080.7338142656,2407889.770796142,2011-02-17T07:50:49Z,night
1786077.7489028824,2407859.1078797877,2011-02-17T08:00:26Z,night
1786071.7627304483,2407881.8861581753,2011-02-17T08:10:25Z,night
1786075.6872442523,2407876.6963909576,2011-02-17T08:20:23Z,night
1786069.8415050958,2407890.9972941354,2011-02-17T08:30:41Z,night
1786079.3679350296,2407879.856075417,2011-02-17T08:40:25Z,night
1786072.6240786249,2407889.3839702853,2011-02-17T08:50:15Z,night
1786075.3332374187,2407887.3052801085,2011-02-17T09:00:10Z,night
1786081.3188951656,2407891.954150883,2011-02-17T09:10:21Z,night
1786081.5423472784,2407889.1473373664,2011-02-17T09:20:17Z,night
1786072.2846704219,2407882.469524633,2011-02-17T09:30:50Z,night
1786076.4119159223,2407888.0438304422,2011-02-17T09:40:12Z,night
1786063.30331425,2407888.6751069934,2011-02-17T09:50:13Z,night
1786065.77632412,2407872.769279676,2011-02-17T10:00:26Z,night
1786069.0111391323,2407886.60791239,2011-02-17T10:10:50Z,night
1786070.8247656475,2407884.603689613,2011-02-17T10:20:44Z,night
1785892.4286643113,2407853.4163806583,2011-02-17T10:30:22Z,night
1785887.058559618,2407862.5470014717,2011-02-17T10:41:04Z,night
1785948.5713763263,2407902.2032194757,2011-02-17T10:50:10Z,night
1786081.1450060667,2407986.5070409714,2011-02-17T23:30:56Z,night
1786039.8527026735,2407957.359560252,2011-02-17T23:40:53Z,night
1786129.0594770834,2408020.156286156,2011-02-17T23:50:48Z,night
1786075.949047401,2407999.515056678,2011-02-18T00:00:40Z,night
1786050.7988968974,2407964.495757699,2011-02-18T00:10:19Z,night
1786086.7612003984,2407989.437259074,2011-02-18T00:20:46Z,night
1786079.841287231,2407999.6009510844,2011-02-18T00:30:14Z,night
1786077.7703454706,2407990.4376292625,2011-02-18T00:40:11Z,night
1786069.7565507183,2407994.5758580375,2011-02-18T00:50:07Z,night
1786086.0446752813,2407988.9340194925,2011-02-18T01:00:46Z,night
1786084.6642128595,2407988.4453890324,2011-02-18T01:10:15Z,night
1786095.8688744036,2407986.9945027307,2011-02-18T01:20:23Z,night
1786082.221735445,2407998.202250998,2011-02-18T01:30:10Z,night
1786112.337511033,2407962.145942893,2011-02-18T01:40:22Z,night
1786143.1086000784,2407907.489513745,2011-02-18T01:50:40Z,night
1786063.6383969341,2407981.648967388,2011-02-18T02:00:40Z,night
1786076.984492665,2407991.3880639155,2011-02-18T02:10:40Z,night
1786084.8449845251,2407997.9638153138,2011-02-18T02:20:37Z,night
1786073.8662892685,2407994.4147787904,2011-02-18T02:30:46Z,night
1786091.342597772,2407994.682992051,2011-02-18T02:40:38Z,night
1786089.0650080717,2407991.7761019045,2011-02-18T02:50:20Z,night
1786039.3800942136,2407934.494679071,2011-02-18T03:00:17Z,night
1785903.6566477541,2408050.9320344226,2011-02-18T03:10:24Z,night
1785753.6414536014,2408324.185660897,2011-02-18T03:21:05Z,night
1785733.3883079444,2408523.091202106,2011-02-18T03:30:22Z,night
1785810.8761834113,2408666.818902543,2011-02-18T03:40:39Z,night
1785684.3198106356,2408817.3612379157,2011-02-18T03:50:48Z,night
1785549.5644877043,2409102.642549687,2011-02-18T04:11:16Z,night
1785405.2741155536,2409298.659505666,2011-02-18T04:20:52Z,night
1785411.6778027234,2409267.745996027,2011-02-18T04:30:18Z,night
1785399.0360547493,2409306.8373648375,2011-02-18T04:40:15Z,night
1785194.4917560874,2409277.7191469697,2011-02-18T04:50:31Z,night
1785009.2107531612,2409400.485266439,2011-02-18T05:00:27Z,night
1784893.8692867719,2409489.413755472,2011-02-18T05:10:52Z,night
1784929.821232637,2409476.12643166,2011-02-18T05:20:12Z,night
1784917.9145216108,2409491.7793126544,2011-02-18T05:30:52Z,night
1784884.744941944,2409514.7542432467,2011-02-18T05:40:41Z,night
1784905.4846334537,2409494.2841265774,2011-02-18T05:50:44Z,night
1784921.0001451687,2409484.4493503273,2011-02-18T06:00:52Z,night
1784912.8525785282,2409488.315215557,2011-02-18T06:10:52Z,night
1784924.8049329866,2409483.5264069014,2011-02-18T06:20:22Z,night
1784933.3220617308,2409499.0544216097,2011-02-18T06:30:15Z,night
1784945.2183382942,2409519.7833115505,2011-02-18T06:40:12Z,night
1784914.8793248083,2409489.565799343,2011-02-18T06:50:16Z,night
1784911.4670430587,2409491.0183431585,2011-02-18T07:00:40Z,night
1784918.5819876285,2409487.6998191406,2011-02-18T07:10:20Z,night
1784937.0732713696,2409493.6741040666,2011-02-18T07:20:21Z,night
1784933.6250248784,2409483.552790102,2011-02-18T07:30:16Z,night
1784917.850310439,2409483.563843855,2011-02-18T07:40:10Z,night
1784782.9353413342,2409612.5690913745,2011-02-18T07:50:22Z,night
1784765.457656513,2409598.417317602,2011-02-18T08:00:46Z,night
1784765.097961621,2409606.658455062,2011-02-18T08:10:24Z,night
1784532.704488129,2409610.3499579276,2011-02-18T08:20:37Z,night
1784301.70158473,2409491.4002491636,2011-02-18T08:31:20Z,night
1784114.4673713886,2409458.710866306,2011-02-18T08:40:28Z,night
1783753.8151040652,2409460.9828532413,2011-02-18T08:50:58Z,night
1783664.1185928418,2409280.094976809,2011-02-18T09:00:45Z,night
1783615.913668183,2409260.208378858,2011-02-18T09:10:37Z,night
1783623.1511460952,2409305.347713251,2011-02-18T09:20:21Z,night
1783620.9156618686,2409312.7991475984,2011-02-18T09:30:17Z,night
1783669.9098647544,2409317.024533698,2011-02-18T09:40:29Z,night
1783783.9055951592,2409395.757168837,2011-02-18T09:50:51Z,night
1783778.56035902,2409400.9204876507,2011-02-18T10:00:22Z,night
1783760.3380927646,2409408.082318494,2011-02-18T10:10:44Z,night
1783808.5394918541,2409379.67695137,2011-02-18T10:20:24Z,night
1783784.7498501816,2409412.632920303,2011-02-18T10:30:14Z,night
1783758.2866642298,2409411.3396249088,2011-02-18T10:40:24Z,night
1783845.9914425896,2409348.354213213,2011-02-18T10:50:48Z,night
1783784.061780519,2409389.6729864078,2011-02-18T11:00:40Z,night
1783781.0117118412,2409399.6415091446,2011-02-18T11:10:52Z,night
1783767.2390474027,2409398.016658662,2011-02-18T11:20:15Z,night
1783776.7291951159,2409450.742203256,2011-02-18T11:30:20Z,night
1783786.3918482484,2409406.5566687454,2011-02-18T11:40:22Z,night
1783706.7744259362,2409403.4613653445,2011-02-18T22:40:42Z,night
1783724.8163484407,2409469.251895903,2011-02-18T22:50:56Z,night
1783702.639949891,2409439.529484998,2011-02-18T23:00:40Z,night
1783622.6887013426,2409302.9985588123,2011-02-18T23:10:49Z,night
1783629.1380649235,2409290.6780904126,2011-02-18T23:20:09Z,night
1783630.1720023258,2409282.654540893,2011-02-18T23:30:37Z,night
1783702.3974903834,2409363.2840789924,2011-02-18T23:40:59Z,night
1783712.5159205832,2409309.881239253,2011-02-18T23:51:17Z,night
1783688.502909975,2409371.3692827746,2011-02-19T00:00:53Z,night
1783687.3524859475,2409348.20787677,2011-02-19T00:11:10Z,night
1783691.3375130137,2409361.5333920894,2011-02-19T00:20:51Z,night
1783689.737963516,2409368.1709710904,2011-02-19T00:30:43Z,night
1783698.3020788028,2409360.8885432463,2011-02-19T00:40:52Z,night
1783692.7429135446,2409369.5613479633,2011-02-19T00:50:52Z,night
1783721.3911330916,2409357.063054151,2011-02-19T01:00:46Z,night
1783699.9143213595,2409364.521081094,2011-02-19T01:10:34Z,night
1783684.8503152244,2409350.370617778,2011-02-19T01:20:52Z,night
1783715.7945580732,2409357.86011757,2011-02-19T01:30:52Z,night
1783678.736051675,2409363.850072641,2011-02-19T01:40:38Z,night
1783718.9844267948,2409362.980882833,2011-02-19T01:50:53Z,night
1783683.8249787402,2409408.8129528677,2011-02-19T02:01:19Z,night
1783739.405498936,2409226.049109746,2011-02-19T02:11:23Z,night
1783720.1303482996,2409310.619387526,2011-02-19T02:20:56Z,night
1783702.9594626212,2409194.113386565,2011-02-19T02:30:54Z,night
1783674.3712650465,2409389.2978644758,2011-02-19T02:40:53Z,night
1783687.46932379,2409320.9370384603,2011-02-19T02:50:33Z,night
1783732.8338493542,2409322.142774417,2011-02-19T03:00:31Z,night
1783718.4805108958,2409290.2680225484,2011-02-19T03:10:54Z,night
1783901.6129183706,2409199.467995271,2011-02-19T03:20:32Z,night
1783876.3418765373,2409151.8530428982,2011-02-19T03:30:32Z,night
1784045.618337483,2409111.412609125,2011-02-19T03:40:48Z,night
1784400.585533774,2408967.457004118,2011-02-19T03:50:52Z,night
1784356.9615008887,2409094.589365189,2011-02-19T04:00:11Z,night
1784369.4230575757,2409086.808112477,2011-02-19T04:10:46Z,night
1784395.1359472226,2409064.289542705,2011-02-19T04:20:23Z,night
1784380.7807524195,2409077.4441934032,2011-02-19T04:30:07Z,night
1784372.9538940568,2409086.9338847473,2011-02-19T04:40:15Z,night
1784366.6500801672,2409079.684216286,2011-02-19T04:50:16Z,night
1784384.3555003675,2409078.970042518,2011-02-19T05:00:52Z,night
1784384.1530519614,2409073.7998110713,2011-02-19T05:10:17Z,night
1784436.2229216753,2408995.334160513,2011-02-19T05:20:12Z,night
1784689.0687097765,2408805.2545537446,2011-02-19T05:30:28Z,night
1784604.3769794046,2408687.3969114767,2011-02-19T05:40:46Z,night
1784594.7646882485,2408546.953156844,2011-02-19T06:50:44Z,night
1784514.7118306712,2408572.908584747,2011-02-19T07:00:47Z,night
1784396.1583809338,2408526.0117803337,2011-02-19T07:20:46Z,night
1784386.7722056538,2408513.1842469387,2011-02-19T07:30:12Z,night
1784309.7208908566,2408249.8178740046,2011-02-19T07:40:47Z,night
1784147.0584629695,2408081.9556222563,2011-02-19T07:50:53Z,night
1784132.8071758414,2408044.3159677153,2011-02-19T08:00:46Z,night
1784131.7284776473,2408076.6307062213,2011-02-19T08:10:18Z,night
1784076.9491066393,2408075.155052984,2011-02-19T08:21:04Z,night
1784125.2600611255,2408121.551865535,2011-02-19T08:30:43Z,night
1784087.9482496185,2408056.379752029,2011-02-19T08:40:09Z,night
1784089.5132619673,2408097.6364999535,2011-02-19T08:50:16Z,night
1784126.7004042761,2408050.6424467764,2011-02-19T09:00:34Z,night
1784116.4085868155,2408066.5765224844,2011-02-19T09:11:06Z,night
1784120.9282545848,2408065.742228105,2011-02-19T09:20:53Z,night
1784129.488937424,2408062.1799689345,2011-02-19T09:30:34Z,night
1783839.5845699406,2407968.423199088,2011-02-19T09:40:53Z,night
1783746.3148507874,2407974.932925983,2011-02-19T10:01:14Z,night
1783753.8961496695,2407912.268080663,2011-02-19T10:11:03Z,night
1784073.6341232962,2407819.15583157,2011-02-19T10:20:46Z,night
1784303.2316498817,2407740.6741176266,2011-02-19T10:31:38Z,night
1784560.673676727,2407558.5722929463,2011-02-19T10:40:55Z,night
1784552.3799770672,2407561.9220005665,2011-02-19T10:50:51Z,night
1784564.5765439132,2407557.6262688884,2011-02-19T11:01:05Z,night
1784544.4682607176,2407587.5511628613,2011-02-19T11:10:52Z,night
1784544.497288255,2407555.9286479834,2011-02-19T11:20:15Z,night
1784552.4225291675,2407562.5178265097,2011-02-19T11:30:11Z,night
1784556.3507491897,2407569.674669262,2011-02-19T11:40:35Z,night
1785048.0592783063,2408092.893660601,2011-02-19T22:40:25Z,night
1785156.064324351,2408379.6195074907,2011-02-19T22:50:20Z,night
1783948.6242372438,2409813.5821089353,2011-02-20T01:21:03Z,night
1783787.003929452,2409575.7649518433,2011-02-20T01:31:16Z,night
1783701.1831583607,2409321.330405089,2011-02-20T01:40:43Z,night
1783979.2228581463,2409157.3101098053,2011-02-20T01:50:28Z,night
1784158.6017670406,2409081.553069355,2011-02-20T02:00:36Z,night
1784167.4925580334,2409062.1172885145,2011-02-20T02:10:28Z,night
1784580.7523854633,2408984.197656447,2011-02-20T02:20:57Z,night
1784695.9611011865,2409018.1428805785,2011-02-20T02:30:46Z,night
1784760.5826658604,2408959.2184940306,2011-02-20T02:40:23Z,night
1785211.4767144893,2408218.831137587,2011-02-20T23:11:14Z,night
1784870.1438173177,2408230.568972789,2011-02-20T23:20:59Z,night
1784644.765830452,2408119.349584083,2011-02-20T23:30:52Z,night
1784643.331768598,2408127.048717796,2011-02-20T23:40:18Z,night
1784630.271054537,2408126.0052958885,2011-02-20T23:50:33Z,night
1784624.9098777035,2408127.1794136288,2011-02-21T00:00:52Z,night
1784620.8696553987,2408125.9220969183,2011-02-21T00:10:23Z,night
1784628.2640038393,2408151.23222281,2011-02-21T00:20:13Z,night
1784628.565392808,2408127.9090188644,2011-02-21T00:30:37Z,night
1784619.49792342,2408147.0273965467,2011-02-21T00:40:33Z,night
1784624.8533235935,2408124.846046095,2011-02-21T00:50:46Z,night
1784627.9750046288,2408132.052788647,2011-02-21T01:00:50Z,night
1784627.5100040974,2408129.1860739845,2011-02-21T01:10:40Z,night
1784640.1568765368,2408128.6267693276,2011-02-21T01:20:38Z,night
1784641.6251437832,2408120.395962579,2011-02-21T01:30:40Z,night
1784628.1802822945,2408126.255690034,2011-02-21T01:40:25Z,night
1784633.3692609114,2408128.5550900362,2011-02-21T01:50:09Z,night
1784635.3090720277,2408123.445220012,2011-02-21T02:00:22Z,night
1784640.501304526,2408112.2736137668,2011-02-21T02:10:44Z,night
1784607.9753424297,2408156.834686244,2011-02-21T02:20:21Z,night
1784625.0371302825,2408132.5615681214,2011-02-21T02:30:46Z,night
1784501.0644633216,2408172.662702813,2011-02-21T02:40:25Z,night
1784099.9962218422,2408121.737460947,2011-02-21T02:50:52Z,night
1783922.586181733,2408327.37741304,2011-02-21T03:00:16Z,night
1783672.70614295,2408423.379775362,2011-02-21T03:10:17Z,night
1783323.2010627384,2408437.9971168833,2011-02-21T03:20:15Z,night
1783324.7227621598,2408437.783736141,2011-02-21T03:30:14Z,night
1783123.2914242146,2408234.9373466214,2011-02-21T03:40:21Z,night
1783435.1020585175,2408434.6274625277,2011-02-21T03:50:11Z,night
1783816.2600043407,2408452.696872173,2011-02-21T04:00:25Z,night
1784260.7813679657,2408493.6504758536,2011-02-21T04:10:24Z,night
1784379.6781317885,2408506.0916970023,2011-02-21T04:20:22Z,night
1784380.2300179522,2408506.337491292,2011-02-21T04:30:23Z,night
1784389.3961693456,2408513.1522086035,2011-02-21T04:40:41Z,night
1784401.0581988248,2408470.026110813,2011-02-21T04:50:28Z,night
1784521.3090613931,2408420.577378369,2011-02-21T05:00:53Z,night
1784764.004883645,2408937.508843471,2011-02-21T09:10:57Z,night
1784750.5181051963,2409133.869200891,2011-02-21T09:20:27Z,night
1784526.100630706,2408894.5328152305,2011-02-21T09:30:15Z,night
1786393.7407912333,2408073.555794478,2011-02-22T00:01:29Z,night
1786527.4573867158,2408083.518406548,2011-02-22T00:10:48Z,night
1786077.5193771115,2407897.920152033,2011-02-22T00:20:19Z,night
1785973.5521138716,2407802.320054128,2011-02-22T00:30:46Z,night
1785616.0875805053,2408030.568474061,2011-02-22T00:41:08Z,night
1785598.0585497743,2408031.433436656,2011-02-22T00:50:40Z,night
1785439.9581718333,2408009.3698951085,2011-02-22T01:00:21Z,night
1785337.164649954,2407968.3028616956,2011-02-22T03:31:28Z,night
1785340.3074995286,2407978.79982535,2011-02-22T03:41:45Z,night
1785327.0182047535,2407971.602419946,2011-02-22T04:50:58Z,night
1785335.8276903767,2407968.088859171,2011-02-22T05:00:09Z,night
1785670.7315704136,2408148.161756601,2011-02-22T05:10:27Z,night
1785613.1839552782,2407971.246784598,2011-02-22T05:20:26Z,night
1785626.2763489778,2407544.024246649,2011-02-22T05:40:46Z,night
1785626.4181524517,2407679.676353246,2011-02-22T05:50:46Z,night
1785654.2704292613,2407682.900668533,2011-02-22T06:00:58Z,night
1785626.0272607224,2407675.230623757,2011-02-22T06:10:43Z,night
1785336.479725473,2407976.294743215,2011-02-22T06:31:19Z,night
1785344.870904118,2407975.564672578,2011-02-22T07:01:40Z,night
1784986.2671187245,2408918.8380241115,2011-02-22T23:10:49Z,night
1785097.5875353094,2409289.4564971128,2011-02-22T23:20:27Z,night
1784937.101307716,2409505.246071592,2011-02-22T23:30:08Z,night
1784708.4981872584,2409877.864011861,2011-02-22T23:40:25Z,night
1784482.625869619,2410174.9522079215,2011-02-22T23:50:23Z,night
1784316.7873903862,2410229.9752433025,2011-02-23T00:00:23Z,night
1784240.2506778461,2410038.8539171997,2011-02-23T00:10:24Z,night
1783899.2910528136,2409990.728851744,2011-02-23T00:20:25Z,night
1784211.9250243434,2409881.925011883,2011-02-23T00:30:27Z,night
1783732.0019321584,2409703.585575626,2011-02-23T00:40:32Z,night
1783700.6377700344,2409452.4798743087,2011-02-23T00:50:17Z,night
1783857.5224358274,2409146.8373801024,2011-02-23T01:00:46Z,night
1783839.91600791,2409115.6032280456,2011-02-23T01:11:20Z,night
1783833.8198626344,2409119.738592533,2011-02-23T01:20:52Z,night
1783834.4759930512,2409125.992521547,2011-02-23T01:30:48Z,night
1783831.086347147,2409126.6814255295,2011-02-23T01:40:53Z,night
1783719.7842916362,2409239.459899403,2011-02-23T02:21:02Z,night
1783483.6017836118,2409232.75379424,2011-02-23T02:30:19Z,night
1783506.8830873175,2408711.0262221065,2011-02-23T02:40:45Z,night
1783451.2056342848,2408755.1979980483,2011-02-23T02:50:51Z,night
1783398.780073572,2408753.411215542,2011-02-23T03:01:04Z,night
1783160.4342155587,2408364.8575162794,2011-02-23T03:21:26Z,night
1783258.2884144115,2408445.895054969,2011-02-23T03:30:59Z,night
1783254.9596057103,2408411.1120454543,2011-02-23T03:40:59Z,night
1783254.0331475723,2408407.228856521,2011-02-23T03:50:53Z,night
1783269.8701809482,2408413.9011492548,2011-02-23T04:01:36Z,night
1783256.891196512,2408413.223808422,2011-02-23T04:10:38Z,night
1783257.8554036804,2408410.6732262215,2011-02-23T04:20:51Z,night
1783263.2749903672,2408410.2012073584,2011-02-23T04:31:22Z,night
1783273.1353950251,2408418.1436758214,2011-02-23T04:41:33Z,night
1783259.1880381322,2408409.565158916,2011-02-23T04:50:52Z,night
1783266.823578878,2408419.805212657,2011-02-23T05:01:17Z,night
1784318.9573185146,2407773.863346557,2011-02-23T06:50:48Z,night
1784305.038720979,2407759.696701766,2011-02-23T07:00:17Z,night
1784299.0074186332,2407740.5792750684,2011-02-23T07:10:13Z,night
1784034.5531970062,2408274.279812346,2011-02-23T23:30:50Z,night
1783656.7185144594,2408419.6683299216,2011-02-23T23:40:53Z,night
1783663.0743817985,2408430.650485123,2011-02-23T23:50:40Z,night
1783660.9963387868,2408423.09465801,2011-02-24T00:00:46Z,night
1783656.6856739854,2408427.630787216,2011-02-24T00:10:21Z,night
1783887.603195316,2408447.4771417365,2011-02-24T00:20:25Z,night
1784253.760943252,2408593.2456467897,2011-02-24T00:30:24Z,night
1784495.08918069,2408424.370552352,2011-02-24T00:41:08Z,night
1784353.0698194576,2408167.5927797835,2011-02-24T00:51:04Z,night
1784609.3392206386,2408156.124682045,2011-02-24T01:01:07Z,night
1784626.3349434736,2408134.9482936775,2011-02-24T01:10:52Z,night
1784661.287083993,2408112.749825227,2011-02-24T01:20:08Z,night
1784616.1738766094,2408142.012191517,2011-02-24T01:30:26Z,night
1784641.908238332,2408132.1317935768,2011-02-24T01:40:37Z,night
1784636.964858598,2408128.3746597613,2011-02-24T01:50:23Z,night
1784602.4641536663,2408126.6884025554,2011-02-24T02:00:13Z,night
1784627.055322072,2408142.4810481104,2011-02-24T02:10:13Z,night
1784620.341961873,2408140.933961762,2011-02-24T02:20:40Z,night
1784657.0845286108,2408092.8713957663,2011-02-24T02:30:29Z,night
1784621.6973414975,2408145.332716863,2011-02-24T02:40:40Z,night
1784629.0998336223,2408123.1203039745,2011-02-24T02:50:23Z,night
1784623.332311813,2408134.109459996,2011-02-24T03:00:46Z,night
1784611.62705966,2408138.5214490993,2011-02-24T03:10:32Z,night
1784615.0161095844,2408133.4338920075,2011-02-24T03:20:10Z,night
1784621.6562216242,2408135.6067445874,2011-02-24T03:30:21Z,night
1784612.0820060684,2408133.644963679,2011-02-24T03:40:16Z,night
1784613.8925042227,2408148.8785933647,2011-02-24T03:50:45Z,night
1784729.721314053,2407945.299268769,2011-02-24T04:00:28Z,night
1785030.9042982238,2407513.454736782,2011-02-24T04:10:20Z,night
1785223.5176571938,2407468.7583935643,2011-02-24T04:20:53Z,night
1784890.3630880206,2407246.9212522213,2011-02-24T04:30:52Z,night
1784814.737947604,2407347.2485695896,2011-02-24T04:40:10Z,night
1784780.3782772955,2407323.108249752,2011-02-24T04:50:25Z,night
1785009.2444546996,2407314.583967803,2011-02-24T05:00:21Z,night
1785107.1706724975,2408095.783283119,2011-02-25T02:40:39Z,night
1785114.1851906972,2408082.678406619,2011-02-25T02:50:08Z,night
1785119.3324030382,2408110.9704561397,2011-02-25T03:00:40Z,night
1785062.6763124054,2408185.647792582,2011-02-25T03:10:31Z,night
1784945.2022069802,2408296.7231553597,2011-02-25T03:21:06Z,night
1784973.9013070369,2408408.967004566,2011-02-25T03:30:19Z,night
1784643.1674870742,2408471.590749144,2011-02-25T03:40:50Z,night
1784780.8479838234,2408343.498295355,2011-02-25T03:50:59Z,night
1784809.033580876,2408565.127941552,2011-02-25T06:20:50Z,night
1784752.374311111,2408517.616982008,2011-02-25T06:30:46Z,night
1784679.9346866575,2408519.410432465,2011-02-25T06:40:59Z,night
1784952.6261250395,2408600.0006562206,2011-02-25T06:50:40Z,night
1785131.517186378,2408612.486735863,2011-02-25T07:00:12Z,night
1785369.9513084535,2408824.4826736576,2011-02-25T07:10:19Z,night
1785345.5073443013,2409181.114869241,2011-02-25T07:20:21Z,night
1785307.4438797063,2409335.0281486693,2011-02-25T07:30:11Z,night
1785056.2646711948,2409493.8071786063,2011-02-25T07:40:29Z,night
1784774.841984925,2409652.4414226976,2011-02-25T07:50:40Z,night
1784594.2003808233,2409608.774234794,2011-02-25T08:00:47Z,night
1784526.3522371743,2409589.502076354,2011-02-25T08:11:27Z,night
1784527.5869631146,2409617.9672144214,2011-02-25T08:20:52Z,night
1784498.1668755452,2409601.5561569845,2011-02-25T08:30:13Z,night
1784507.5472042826,2409596.684739774,2011-02-25T08:40:50Z,night
1784500.9863803165,2409604.889747091,2011-02-25T08:50:40Z,night
1784506.3828909267,2409596.1672425615,2011-02-25T09:00:40Z,night
1784502.7090642988,2409602.737479117,2011-02-25T09:10:10Z,night
1784500.4866066275,2409598.6842244896,2011-02-25T09:20:37Z,night
1784502.9096241966,2409602.8080458627,2011-02-25T09:30:55Z,night
1784499.8507382197,2409621.2616303726,2011-02-25T09:40:40Z,night
1784486.2036328323,2409580.22660129,2011-02-25T09:50:52Z,night
1784519.343904621,2409580.293346219,2011-02-25T10:00:53Z,night
1784539.277745963,2409591.3866992304,2011-02-25T10:10:52Z,night
1784901.7137510853,2409507.423578819,2011-02-25T10:21:03Z,night
1784921.5206361788,2409484.7566598784,2011-02-25T10:30:10Z,night
1784910.614724565,2409515.313334129,2011-02-25T10:40:48Z,night
1784915.5001769834,2409491.527788828,2011-02-25T10:50:52Z,night
1784931.7109556913,2409493.940198617,2011-02-25T11:00:52Z,night
1784926.8149133613,2409486.185658667,2011-02-25T11:10:52Z,night
1784909.7024575071,2409489.5084126,2011-02-25T11:20:49Z,night
1784901.5391151274,2409505.1310839476,2011-02-25T11:30:22Z,night
1784907.8321055314,2409493.7962246523,2011-02-25T22:41:12Z,night
1784941.073517424,2409477.3503483287,2011-02-25T22:51:33Z,night
1785051.5459586203,2409473.3348337174,2011-02-25T23:01:09Z,night
1785059.2360930631,2409462.1364534805,2011-02-25T23:10:52Z,night
1785074.1686333676,2409406.5222262675,2011-02-25T23:21:15Z,night
1785057.1946451599,2409473.9751993427,2011-02-25T23:31:46Z,night
1785056.1333419615,2409471.368837218,2011-02-25T23:40:52Z,night
1785058.6755925172,2409475.130711512,2011-02-25T23:50:53Z,night
1785063.2951746767,2409472.747418905,2011-02-26T00:10:50Z,night
1785084.5428534253,2409496.052596489,2011-02-26T00:20:36Z,night
1785218.0611297763,2409465.0652786195,2011-02-26T00:30:27Z,night
1785233.9887936937,2409442.4426349336,2011-02-26T00:40:39Z,night
1785236.0105798375,2409443.221246646,2011-02-26T00:50:21Z,night
1785228.7863927784,2409459.2504979586,2011-02-26T01:00:35Z,night
1785228.8979435663,2409454.591088999,2011-02-26T01:10:51Z,night
1785233.5917668536,2409446.36813696,2011-02-26T01:20:10Z,night
1785229.2516868396,2409457.4314800487,2011-02-26T01:30:51Z,night
1785245.9885377262,2409456.9603519267,2011-02-26T01:40:58Z,night
1785239.1429354986,2409458.298237719,2011-02-26T01:50:16Z,night
1785230.185239033,2409457.090351866,2011-02-26T02:00:52Z,night
1785202.3945841526,2409476.976971669,2011-02-26T02:10:52Z,night
1785240.5949780124,2409455.7028058674,2011-02-26T02:20:40Z,night
1785213.792478359,2409445.5150167365,2011-02-26T02:30:23Z,night
1785228.4131558249,2409458.8862455836,2011-02-26T02:40:52Z,night
1785247.9297580267,2409445.5801544175,2011-02-26T02:50:42Z,night
1785236.7611512118,2409448.0164271095,2011-02-26T03:00:52Z,night
1785249.4385613245,2409275.442873663,2011-02-26T03:20:12Z,night
1785511.709128952,2409134.6331245764,2011-02-26T03:30:54Z,night
1785599.9722092082,2409155.257902436,2011-02-26T03:40:39Z,night
1785658.2198584059,2409029.6472430397,2011-02-26T03:51:08Z,night
1785674.3235141665,2408990.872481838,2011-02-26T04:00:12Z,night
1785797.9187293705,2408958.362574958,2011-02-26T04:10:13Z,night
1785736.2744457554,2409004.0330109783,2011-02-26T04:20:52Z,night
1785730.8706030652,2408998.5576619487,2011-02-26T04:30:50Z,night
1785734.796904622,2409001.4195491388,2011-02-26T04:40:16Z,night
1785648.8246805784,2409079.9496731237,2011-02-26T04:50:16Z,night
1785470.6312866411,2409214.5211941497,2011-02-26T05:00:49Z,night
1785473.239972242,2409209.7655514125,2011-02-26T05:10:15Z,night
1785510.4840097905,2409192.422668515,2011-02-26T05:20:27Z,night
1785473.6870676235,2409211.226955601,2011-02-26T05:30:12Z,night
1785403.6544826257,2409190.9236196456,2011-02-26T05:40:45Z,night
1785433.0267782367,2409194.693156704,2011-02-26T05:50:24Z,night
1785474.5072963927,2409212.4898276995,2011-02-26T06:00:52Z,night
1785477.1183437796,2409206.5977171776,2011-02-26T06:10:18Z,night
1785474.5490509064,2409211.32825756,2011-02-26T06:20:18Z,night
1785478.0969888805,2409211.171469235,2011-02-26T06:30:17Z,night
1785481.6189441718,2409211.088909129,2011-02-26T06:40:16Z,night
1785468.2936679756,2409210.0382371093,2011-02-26T06:50:18Z,night
1785478.4710176655,2409212.236515388,2011-02-26T07:00:17Z,night
1785462.3282960798,2409223.3687476213,2011-02-26T07:10:17Z,night
1785466.833667031,2409223.439286398,2011-02-26T07:20:20Z,night
1785482.1764751077,2409214.127030285,2011-02-26T07:30:17Z,night
1785485.1743008387,2409207.5917084226,2011-02-26T07:40:17Z,night
1785488.823123684,2409212.9947186233,2011-02-26T07:50:17Z,night
1785472.346717612,2409217.2944420995,2011-02-26T08:00:50Z,night
1785475.7341067374,2409212.8500310453,2011-02-26T08:10:15Z,night
1785472.496780023,2409216.7328455015,2011-02-26T08:20:17Z,night
1785477.2319119226,2409214.216360956,2011-02-26T08:30:16Z,night
1785467.7804517017,2409218.7829061057,2011-02-26T08:40:16Z,night
1785469.7142512405,2409214.4757318953,2011-02-26T08:50:17Z,night
1785467.9159844744,2409214.1636061915,2011-02-26T09:00:16Z,night
1785483.4764755866,2409210.5881793494,2011-02-26T09:10:15Z,night
1785474.9957521136,2409213.24897391,2011-02-26T09:20:16Z,night
1785470.6564281974,2409214.274490682,2011-02-26T09:30:16Z,night
1785487.6555307214,2409209.11114904,2011-02-26T09:40:16Z,night
1785479.0566786178,2409209.699536334,2011-02-26T09:50:50Z,night
1785473.5590658102,2409208.2104266896,2011-02-26T10:01:11Z,night
1785474.5417542283,2409211.992663167,2011-02-26T10:10:15Z,night
1785472.4827546587,2409214.3980321283,2011-02-26T10:20:17Z,night
1785477.9856016755,2409207.240073443,2011-02-26T10:30:10Z,night
1785453.1546583804,2409185.5407363707,2011-02-26T10:40:40Z,night
1785477.8425878023,2409217.3474960513,2011-02-26T10:50:22Z,night
1785479.0578403596,2409216.4186200285,2011-02-26T11:00:22Z,night
1785474.4987676172,2409211.821664519,2011-02-26T11:10:20Z,night
1785466.4274867666,2409219.024432472,2011-02-26T11:20:18Z,night
1785474.6601022067,2409215.1906621954,2011-02-26T11:30:16Z,night
1785470.6629992034,2409210.761598511,2011-02-26T22:50:19Z,night
1785466.2455026323,2409210.8842011834,2011-02-26T23:00:20Z,night
1785472.9311475733,2409211.805490196,2011-02-26T23:10:46Z,night
1785461.1727065654,2409216.5478407606,2011-02-26T23:20:16Z,night
1785474.1375253615,2409214.9976712847,2011-02-26T23:30:39Z,night
1785317.7351153211,2409063.609739184,2011-02-26T23:41:09Z,night
1785356.36167798,2408974.146198282,2011-02-26T23:50:14Z,night
1785376.8980434001,2408973.5549646695,2011-02-27T06:40:06Z,night
1785287.707057438,2409087.352634096,2011-02-27T06:50:17Z,night
1785264.19220889,2409091.3370742956,2011-02-27T07:00:31Z,night
1785277.6409560381,2409103.557181368,2011-02-27T07:10:40Z,night
1785276.8228917522,2409107.038188532,2011-02-27T07:20:54Z,night
1785267.8758624548,2409100.5727310046,2011-02-27T07:30:29Z,night
1785268.5404751587,2409092.667996401,2011-02-27T07:40:23Z,night
1785255.225061444,2409104.919784469,2011-02-27T07:50:21Z,night
1785269.562721369,2409111.459073037,2011-02-27T08:00:32Z,night
1785267.6270624779,2409123.4148901147,2011-02-27T08:10:16Z,night
1785264.0599234093,2409100.3444172996,2011-02-27T08:30:57Z,night
1785248.3424169319,2409082.681603238,2011-02-27T08:40:59Z,night
1785266.7202473192,2409100.2294686288,2011-02-27T08:50:53Z,night
1785273.7212431417,2409095.06942953,2011-02-27T09:10:28Z,night
1785272.586863647,2409111.3960456117,2011-02-27T09:20:32Z,night
1785269.6934441542,2409118.2318431507,2011-02-27T09:30:24Z,night
1785262.0928564132,2409104.8274853243,2011-02-27T09:40:55Z,night
1785273.3022822612,2409093.9822485545,2011-02-27T09:50:46Z,night
1785275.6703964307,2409099.8161071353,2011-02-27T10:00:40Z,night
1785271.8853374473,2409096.218510112,2011-02-27T10:10:52Z,night
1785403.354632355,2409254.640740663,2011-02-27T10:21:14Z,night
1785500.8110709186,2409206.6874912293,2011-02-27T10:30:27Z,night
1785477.0202474159,2409207.0108606466,2011-02-27T10:40:20Z,night
1785476.6310102153,2409228.7516924683,2011-02-27T10:50:43Z,night
1785471.7047065177,2409223.9412057702,2011-02-27T11:00:38Z,night
1785480.752543773,2409204.1414125958,2011-02-27T11:10:43Z,night
1785464.8880902089,2409223.7123811953,2011-02-27T11:20:16Z,night
1785477.9901840442,2409215.7401660583,2011-02-27T11:30:19Z,night
1785470.7039639342,2409212.138056593,2011-02-27T22:50:46Z,night
1785480.2567402069,2409201.336165911,2011-02-27T23:00:46Z,night
1785483.766391085,2409208.4518692996,2011-02-27T23:10:48Z,night
1785564.081190798,2409187.5997969117,2011-02-27T23:20:43Z,night
1785482.1880500077,2409208.9384940313,2011-02-27T23:30:46Z,night
1785475.6145294507,2409206.7000588267,2011-02-27T23:40:18Z,night
1785467.669621107,2409216.046098356,2011-02-27T23:50:18Z,night
1785468.9111980728,2409210.2537730224,2011-02-28T00:00:20Z,night
1785473.7558718347,2409209.669828235,2011-02-28T00:10:19Z,night
1785478.6250762613,2409206.553494397,2011-02-28T00:20:13Z,night
1785473.9312827836,2409218.0841443627,2011-02-28T00:30:45Z,night
1785483.8192517813,2409209.5669943322,2011-02-28T00:40:13Z,night
1785491.079284652,2409189.9743871833,2011-02-28T00:50:23Z,night
1785435.9077165679,2409201.9926190926,2011-02-28T01:01:10Z,night
1785486.3241717664,2409208.3815654772,2011-02-28T01:10:55Z,night
1785440.7431443557,2409207.60842723,2011-02-28T01:21:18Z,night
1785437.7012330994,2409208.3447852354,2011-02-28T01:30:52Z,night
1785485.2841372755,2409220.929069776,2011-02-28T02:01:25Z,night
1785487.7344319788,2409209.6237446335,2011-02-28T02:10:51Z,night
1785468.094888828,2409215.733608156,2011-02-28T02:20:52Z,night
1785471.6603296795,2409217.5449320744,2011-02-28T02:40:52Z,night
1785490.4590861318,2409200.014452582,2011-02-28T02:50:25Z,night
1785530.069046171,2409034.1444415185,2011-02-28T03:00:23Z,night
1785699.084443395,2408850.3383280984,2011-02-28T03:10:19Z,night
1785853.4171419612,2408516.5055623394,2011-02-28T03:20:15Z,night
1786159.8071623659,2408356.827261836,2011-02-28T03:30:13Z,night
1786244.0621526355,2408178.8861147272,2011-02-28T03:40:13Z,night
1786192.0875963888,2408009.879895812,2011-02-28T03:50:36Z,night
1786070.1545874325,2407876.8641400165,2011-02-28T04:00:24Z,night
1785997.4857366157,2408026.5250282404,2011-02-28T04:10:36Z,night
1785877.4103082835,2408052.5671249772,2011-02-28T04:21:07Z,night
1785698.0869431968,2407849.320040753,2011-02-28T04:30:12Z,night
1785459.8290175647,2407960.6005440676,2011-02-28T04:40:26Z,night
1785180.6269742553,2407962.3045761874,2011-02-28T04:50:49Z,night
1785048.8878534152,2407784.371850213,2011-02-28T05:00:38Z,night
1785021.1524967463,2407872.2079443415,2011-02-28T05:10:56Z,night
1784807.9869251107,2407808.5378312375,2011-02-28T05:21:03Z,night
1784657.8896886585,2407646.6666291747,2011-02-28T05:30:30Z,night
1784494.3925487117,2407742.4075366473,2011-02-28T05:40:40Z,night
1784313.890265463,2407770.7317962837,2011-02-28T05:50:37Z,night
1784045.073437826,2407831.72126822,2011-02-28T06:00:22Z,night
1783986.1561225923,2408070.7990248133,2011-02-28T06:11:27Z,night
1784150.2218572206,2408059.0360687566,2011-02-28T06:41:49Z,night
1784153.2132909386,2408066.969602329,2011-02-28T06:50:53Z,night
1784153.1033234345,2408069.6883620173,2011-02-28T07:01:01Z,night
1784160.7165568743,2408054.967921068,2011-02-28T07:11:07Z,night
1784158.8438527163,2408068.0067230132,2011-02-28T07:20:13Z,night
1784147.964478181,2408067.424181902,2011-02-28T08:21:14Z,night
1784160.3304128973,2408054.164264503,2011-02-28T08:30:43Z,night
1784144.7658550178,2408071.041060422,2011-02-28T09:00:58Z,night
1784101.9669726586,2408097.4669367187,2011-02-28T09:20:46Z,night
1784104.9195523653,2408126.1785207125,2011-02-28T09:30:44Z,night
1784131.888776881,2408023.3796859984,2011-02-28T09:40:54Z,night
1784109.8819148496,2408117.0998730706,2011-02-28T09:50:37Z,night
1784120.6921083892,2408054.58050056,2011-02-28T10:10:52Z,night
1784124.3127983615,2408079.4539266936,2011-02-28T10:21:05Z,night
1784094.4861172717,2408058.631220968,2011-02-28T10:30:25Z,night
1784128.7335666115,2408047.8860723437,2011-02-28T10:40:40Z,night
1784117.8529419848,2408063.060295621,2011-02-28T10:50:52Z,night
1784123.3336880587,2408067.266082225,2011-02-28T11:00:37Z,night
1784106.8137795615,2408056.9846761674,2011-02-28T11:10:41Z,night
1784122.7717687837,2408062.4814769397,2011-02-28T11:20:59Z,night
1784093.1576008187,2408034.2786072497,2011-02-28T11:30:55Z,night
1784286.1572537108,2407764.899009642,2011-03-01T01:21:20Z,night
1784199.3432628438,2407770.638750032,2011-03-01T01:30:37Z,night
1784257.4428468365,2408009.4770600707,2011-03-01T01:40:42Z,night
1784245.1713889134,2407995.8045871696,2011-03-01T01:50:52Z,night
1784233.6796020726,2407918.519303298,2011-03-01T02:00:41Z,night
1784254.0746803212,2407838.186695974,2011-03-01T02:10:42Z,night
1784300.6519050954,2407782.4869261184,2011-03-01T02:21:04Z,night
1784289.4020539515,2407804.9237867226,2011-03-01T02:30:51Z,night
1784284.5926554708,2407793.4120633816,2011-03-01T02:40:20Z,night
1784311.6211732584,2407832.1654200843,2011-03-01T02:51:10Z,night
1784283.9794985924,2407788.9138679714,2011-03-01T03:10:53Z,night
1784289.3173393572,2407801.228558425,2011-03-01T03:20:50Z,night
1784299.4381884444,2407829.711553431,2011-03-01T03:30:44Z,night
1784287.0990261426,2407776.9976991406,2011-03-01T03:40:53Z,night
1784298.4402642197,2407797.7997651543,2011-03-01T03:50:52Z,night
1784291.3372864951,2407810.3328374797,2011-03-01T04:00:39Z,night
1784295.0739631522,2407795.4277363615,2011-03-01T04:10:51Z,night
1784293.455832307,2407811.9035207685,2011-03-01T04:20:58Z,night
1784293.6651191115,2407806.4404745526,2011-03-01T04:30:54Z,night
1784295.136693847,2407805.664078277,2011-03-01T04:40:40Z,night
1784286.5239596865,2407792.882546774,2011-03-01T04:50:30Z,night
1784304.2003491912,2407803.0136818793,2011-03-01T05:00:10Z,night
1784291.1024360245,2407802.5134079177,2011-03-01T05:10:43Z,night
1784185.837268229,2407708.3917246307,2011-03-01T05:21:12Z,night
1784181.470299851,2407793.7210888225,2011-03-01T05:30:39Z,night
1783739.094403098,2407976.757702326,2011-03-01T05:40:51Z,night
1783468.9591711361,2408127.8105270346,2011-03-01T05:50:40Z,night
1783373.0357502752,2408381.172259997,2011-03-01T06:00:57Z,night
1783276.0190880762,2408408.767160068,2011-03-01T06:10:52Z,night
1783774.2907655404,2408525.3274932792,2011-03-01T06:40:46Z,night
1783747.2160913092,2408980.7210863447,2011-03-01T06:50:10Z,night
1783783.027767909,2409267.9332479862,2011-03-01T07:00:19Z,night
1783709.8466963905,2409402.0310600065,2011-03-01T07:10:54Z,night
1783580.9147331754,2409364.8102689115,2011-03-01T07:20:52Z,night
1783581.8219845304,2409362.4299838636,2011-03-01T07:40:49Z,night
1783553.3489447983,2409339.483456894,2011-03-01T07:50:15Z,night
1783621.7638585682,2409325.7136029457,2011-03-01T08:00:40Z,night
1783782.3759581926,2409408.4062335882,2011-03-01T08:10:50Z,night
1783781.8035723886,2409396.8319026297,2011-03-01T08:20:51Z,night
1783779.331901985,2409403.97463419,2011-03-01T08:30:52Z,night
1783779.8129921982,2409403.7786770067,2011-03-01T08:40:46Z,night
1783774.9966491049,2409382.3315775227,2011-03-01T08:50:47Z,night
1783748.5627018763,2409374.3613114497,2011-03-01T09:00:27Z,night
1783760.5213844127,2409377.749348328,2011-03-01T09:10:31Z,night
1783778.2844513003,2409392.7469894774,2011-03-01T09:20:49Z,night
1783809.0437032497,2409414.1926339557,2011-03-01T09:30:49Z,night
1783766.0634092183,2409388.527221881,2011-03-01T09:40:46Z,night
1783783.9647199463,2409281.2478340734,2011-03-01T09:50:56Z,night
1783872.5212306622,2409127.8283162788,2011-03-01T10:00:56Z,night
1783825.46110527,2409109.9462765027,2011-03-01T10:21:13Z,night
1783833.75742636,2409127.1542695737,2011-03-01T10:31:39Z,night
1783840.372821961,2409116.8485610816,2011-03-01T10:50:53Z,night
1783829.637754191,2409095.122855498,2011-03-01T11:00:56Z,night
1783838.8471945568,2409090.8646705262,2011-03-01T11:31:26Z,night
1784534.2020720127,2409584.634970575,2011-03-01T23:00:26Z,night
1784561.4176457636,2409570.3639618945,2011-03-01T23:10:56Z,night
1784649.4697106942,2409578.674442794,2011-03-01T23:21:22Z,night
1784653.4541585175,2409583.19188984,2011-03-01T23:30:17Z,night
1784648.5423178182,2409575.996586818,2011-03-01T23:40:09Z,night
1784650.417046934,2409569.9641062617,2011-03-01T23:50:18Z,night
1784654.0074662804,2409578.9589865557,2011-03-02T00:00:20Z,night
1784647.1343860845,2409577.3506938796,2011-03-02T00:10:17Z,night
1784647.166144727,2409585.351654328,2011-03-02T00:20:39Z,night
1784650.5036479235,2409578.93132302,2011-03-02T00:30:23Z,night
1784794.7307804772,2409665.1671911604,2011-03-02T00:40:48Z,night
1784926.197507947,2409573.1521586077,2011-03-02T00:50:44Z,night
1785092.8393275575,2409342.8370735096,2011-03-02T01:00:19Z,night
1784972.5173270772,2409095.0153959147,2011-03-02T01:10:14Z,night
1784936.4078213668,2409127.8704242934,2011-03-02T01:20:52Z,night
1784934.8789035263,2409119.169445801,2011-03-02T01:30:20Z,night
1784932.780886947,2409125.367172892,2011-03-02T01:40:17Z,night
1784933.92388096,2409118.3685106994,2011-03-02T01:50:09Z,night
1784935.0847267364,2409121.3659850075,2011-03-02T02:00:20Z,night
1784946.5041072632,2409162.66596097,2011-03-02T02:10:27Z,night
1784928.3488266177,2409115.6210633866,2011-03-02T02:20:08Z,night
1784925.211538098,2409096.5464244406,2011-03-02T02:30:17Z,night
1784931.1747297307,2409134.598823829,2011-03-02T02:40:19Z,night
1784929.4895096663,2409115.076388823,2011-03-02T02:50:49Z,night
1784928.2904618576,2409112.34548683,2011-03-02T03:00:52Z,night
1784933.307874908,2409118.463476863,2011-03-02T03:10:44Z,night
1784931.5666192658,2409115.833572287,2011-03-02T03:20:19Z,night
1784925.7503037944,2409115.4406980216,2011-03-02T03:30:45Z,night
1784882.5099758073,2409085.652814491,2011-03-02T03:40:13Z,night
1784761.605762831,2408746.3705898807,2011-03-02T03:50:23Z,night
1784610.5799579653,2408512.185937719,2011-03-02T04:00:25Z,night
1784466.6126252024,2408356.858926657,2011-03-02T04:10:32Z,night
1784489.188324999,2408220.917839984,2011-03-02T04:20:08Z,night
1784179.8270914627,2408124.838086401,2011-03-02T04:30:10Z,night
1784136.4084483357,2408139.25299814,2011-03-02T04:40:22Z,night
1784143.6725859228,2408103.0996839474,2011-03-02T04:50:40Z,night
1784117.558268808,2408057.466250792,2011-03-02T05:00:23Z,night
1784121.4287392583,2408061.5886446834,2011-03-02T05:11:10Z,night
1784125.7607221277,2408063.730306544,2011-03-02T05:20:26Z,night
1784134.4262019931,2407950.663210576,2011-03-02T05:31:04Z,night
1784123.6310330662,2408060.4802507814,2011-03-02T05:40:52Z,night
1784128.1891228014,2408063.0430623004,2011-03-02T05:50:21Z,night
1784126.0222899832,2408054.064810842,2011-03-02T06:00:19Z,night
1784118.6967823042,2408068.8764927606,2011-03-02T06:10:53Z,night
1784096.2739195812,2408160.5799907865,2011-03-02T06:20:54Z,night
1784114.3495841115,2408054.465564359,2011-03-02T06:30:49Z,night
1784126.3340999524,2408063.533268637,2011-03-02T06:41:10Z,night
1784179.5078977102,2408076.675827671,2011-03-02T06:51:20Z,night
1784164.9171816534,2408067.001242473,2011-03-02T07:01:43Z,night
1784130.4376479215,2408039.504518183,2011-03-02T07:10:52Z,night
1784087.2103337187,2408063.049580952,2011-03-02T07:20:53Z,night
1784130.7922535227,2408069.230669477,2011-03-02T07:30:59Z,night
1784194.4520141266,2408085.3891761065,2011-03-02T07:40:53Z,night
1784137.3917588566,2408067.557545975,2011-03-02T07:51:10Z,night
1784126.8845280767,2408049.5491392156,2011-03-02T08:00:52Z,night
1785188.2609497732,2408674.389004857,2011-03-02T23:51:33Z,night
1784968.940555405,2408579.972643518,2011-03-03T00:00:59Z,night
1784836.2112938173,2408528.9115179037,2011-03-03T00:10:22Z,night
1784830.116999859,2408517.2550344197,2011-03-03T02:21:45Z,night
1784803.5507277572,2408578.2977082627,2011-03-03T02:30:24Z,night
1784446.3555234142,2408469.358180039,2011-03-03T02:40:20Z,night
1783969.402605983,2408288.3062865045,2011-03-03T02:50:19Z,night
1783709.9434543068,2408397.5857632407,2011-03-03T03:00:26Z,night
